"control_id","framework","function","category","control_title","owner","current_status","target_status","evidence_status","priority","remediation","iso_reference"
"GV.OC-01","NIST CSF 2.0","Govern","Organizational Context","Mission and business context inform cybersecurity risk decisions","CISO","Partially Implemented","Implemented","Partial","High","Document the business context and review cybersecurity objectives quarterly","A.5.1"
"GV.RR-02","NIST CSF 2.0","Govern","Risk Roles","Cybersecurity responsibilities and authorities are established","Security Governance","Planned","Implemented","None","High","Publish a RACI and obtain leadership approval","A.5.2"
"GV.PO-01","NIST CSF 2.0","Govern","Policy","Organizational cybersecurity policy is established and enforced","Security Governance","Largely Implemented","Implemented","Documented","Medium","Run annual policy acknowledgement and exception review","A.5.1"
"ID.AM-01","NIST CSF 2.0","Identify","Asset Management","Inventories of hardware managed by the organization are maintained","IT Operations","Partially Implemented","Implemented","Partial","Critical","Reconcile endpoint inventory with procurement and identity sources","A.5.9"
"ID.AM-02","NIST CSF 2.0","Identify","Asset Management","Inventories of software services and systems are maintained","IT Operations","Not Implemented","Implemented","None","Critical","Create a service catalog with owners and lifecycle status","A.5.9"
"ID.RA-01","NIST CSF 2.0","Identify","Risk Assessment","Cybersecurity risks are identified, documented, and prioritized","Risk Management","Partially Implemented","Implemented","Informal","High","Establish a repeatable risk register and review cadence","A.5.7"
"ID.RA-05","NIST CSF 2.0","Identify","Risk Assessment","Threats vulnerabilities likelihood and impacts are used to understand risk","Risk Management","Planned","Implemented","None","High","Adopt a documented likelihood and impact methodology","A.5.7"
"PR.AA-01","NIST CSF 2.0","Protect","Identity Management","Identities and credentials are issued managed verified revoked and audited","Identity Team","Partially Implemented","Implemented","Partial","Critical","Centralize joiner mover leaver workflows and access reviews","A.5.16"
"PR.AA-03","NIST CSF 2.0","Protect","Authentication","Users devices and other assets are authenticated commensurate with risk","Identity Team","Largely Implemented","Implemented","Documented","High","Expand phishing-resistant MFA to privileged and remote access","A.5.17"
"PR.AT-01","NIST CSF 2.0","Protect","Awareness","Personnel are provided cybersecurity awareness and training","People Operations","Implemented","Implemented","Documented","Low","Refresh role-based content and track completion","A.6.3"
"PR.DS-01","NIST CSF 2.0","Protect","Data Security","Data-at-rest is protected","Cloud Security","Partially Implemented","Implemented","Partial","High","Verify encryption coverage and key ownership for critical data stores","A.8.24"
"PR.DS-02","NIST CSF 2.0","Protect","Data Security","Data-in-transit is protected","Cloud Security","Largely Implemented","Implemented","Documented","Medium","Automate TLS configuration checks and certificate expiry alerts","A.8.24"
"DE.CM-01","NIST CSF 2.0","Detect","Continuous Monitoring","Networks and network services are monitored to find anomalies","Security Operations","Partially Implemented","Implemented","Informal","High","Define monitored sources and alert triage service levels","A.8.16"
"DE.CM-03","NIST CSF 2.0","Detect","Continuous Monitoring","Personnel activity and technology usage are monitored to find anomalies","Security Operations","Planned","Implemented","None","High","Centralize audit logs and define detection use cases","A.8.15"
"DE.AE-02","NIST CSF 2.0","Detect","Adverse Event Analysis","Potentially adverse events are analyzed to understand associated activities","Security Operations","Partially Implemented","Implemented","Partial","High","Document alert enrichment and investigation decision trees","A.8.16"
"RS.MA-01","NIST CSF 2.0","Respond","Incident Management","The incident response plan is executed with relevant parties","Incident Response","Partially Implemented","Implemented","Partial","Critical","Run tabletop exercises and record lessons learned","A.5.24"
"RS.CO-02","NIST CSF 2.0","Respond","Incident Communication","Internal and external stakeholders are notified of incidents","Legal and Compliance","Planned","Implemented","None","High","Create notification criteria contacts and approval workflow","A.5.26"
"RS.AN-03","NIST CSF 2.0","Respond","Incident Analysis","Analysis is performed to establish what has taken place during an incident","Incident Response","Largely Implemented","Implemented","Informal","Medium","Standardize evidence handling and root-cause analysis","A.5.27"
"RC.RP-01","NIST CSF 2.0","Recover","Incident Recovery","The recovery portion of the incident response plan is executed","IT Operations","Partially Implemented","Implemented","Partial","High","Test recovery runbooks against defined recovery objectives","A.5.30"
"RC.RP-03","NIST CSF 2.0","Recover","Incident Recovery","Recovery activities are communicated to internal and external stakeholders","Communications","Planned","Implemented","None","Medium","Define recovery status communications and stakeholder sign-off","A.5.30"
"PR.PS-04","NIST CSF 2.0","Protect","Platform Security","Log records are generated and made available for continuous monitoring","Cloud Security","Not Implemented","Implemented","None","Critical","Enable organization-wide logging with retention and access controls","A.8.15"
"ID.SC-01","NIST CSF 2.0","Identify","Supply Chain","Risk management objectives are established for suppliers and third parties","Third-Party Risk","Not Implemented","Implemented","None","High","Create supplier tiering and security due diligence requirements","A.5.19"
"PR.DS-10","NIST CSF 2.0","Protect","Data Security","The confidentiality integrity and availability of data-in-use are protected","Data Governance","Planned","Implemented","None","High","Document sensitive processing safeguards and approved use cases","A.8.11"
"GV.OV-01","NIST CSF 2.0","Govern","Oversight","Cybersecurity risk management outcomes are reviewed for improvement","Executive Sponsor","Partially Implemented","Implemented","Informal","Medium","Create a quarterly risk committee dashboard and decision log","A.5.35"
